Datei,Gruppe,Art,Ruf,Dur,Sfreq,Efreq,Stime,NMod,FMod,FRmin,Rmin,tRmin,Rlastms,Flastms,Fknee,Alphaknee,Rknee,ptknee,Fmk,Alphamk,Rmk,ptmk,Fmed,Fmidt,Fmidf,tmidf,ptmidf,PFmidt,Rmidt,Rmed,Rges,Dfm,Dqcf,Typ,X10,X11,X12,X13,X14,X15,X16,X17,X18,X19,X20,X21,X22,X23,X24,X25,X26,X27,X28,X29,X30,X31,X32,X33,X34,X35,X36,X37,X38,X39,X40,X41,X42,X43,X44,X45,X46,X47,X48,X49,X50,X51,X52,X53,X54,X55,X56,X57,X58,X59,X60,X62,X64,X66,X68,X70,X72,X74,X76,X78,X80,X82,X84,X86,X88,X90,X92,X94,X96,X98,X100,X102,X104,X106,X108,X110,X112,X114,X116,X118,X120,X122,X124,X126,X128,X130,X132,X134,X136,X138,X140,X142,X144,X146,X148
/Volumes/MobileCallLib/RufanalyseReferenz2015/AssortedRecordings/140609-TROENDELDX-00024.raw,Nyctaloid,Eser,39,3.5000002,41.440052,30.7304173,4997.1796875,54.0,30.0,30.0839539,0.1626205,-0.5,1.6692734,30.6648026,35.0944061,8.1048794,-0.4108977,0.3333333,31.1161156,-2.5434642,-0.2326076,0.7222222,33.389061,33.389061,35.7579384,1.1,0.3142857,0.2915497,-0.3054323,-0.315239,-0.3059896,3.2,0.4,3.0,0.0,0.0,0.0,0.0,0.0,0.0,0.0,0.0,0.0,0.0,0.0,0.0,0.0,0.0,0.0,0.0,0.0,0.0,0.0,21.25,54.0,51.25,34.5,32.75,30.5,24.25,21.25,21.0,18.75,17.0,14.25,7.5,1.75,0.0,0.0,0.0,0.0,0.0,0.0,0.0,0.0,0.0,0.0,0.0,0.0,0.0,0.0,0.0,0.0,0.0,0.0,0.0,0.0,0.0,0.0,0.0,0.0,0.0,0.0,0.0,0.0,0.0,0.0,0.0,0.0,0.0,0.0,0.0,0.0,0.0,0.0,0.0,0.0,0.0,0.0,0.0,0.0,0.0,0.0,0.0,0.0,0.0,0.0,0.0,0.0,0.0,0.0,0.0,0.0,0.0,0.0,0.0,0.0,0.0,0.0
/Volumes/MobileCallLib/RufanalyseReferenz2015/AssortedRecordings/140609-TROENDELDX-00024.raw,Nyctaloid,Eser,38,4.6005001,53.4445534,29.3666954,4927.2509766,51.75,30.0,30.569191,0.0373459,-0.4000001,0.9658432,30.6439915,43.4495888,12.1294508,-0.9781322,0.1702128,30.5673237,-13.6986208,-0.1763601,0.893617,35.0739288,35.0739288,41.4056244,1.1,0.2391044,0.2370324,-0.3880901,-0.3894005,-0.5234317,4.0999999,0.7,3.0,0.0,0.0,0.0,0.0,0.0,0.0,0.0,0.0,0.0,0.0,0.0,0.0,0.0,0.0,0.0,0.0,0.0,0.0,2.0,24.0,51.75,49.0,37.0,33.25,29.25,26.0,23.5,21.75,19.25,16.25,15.0,14.0,11.75,10.25,10.0,9.5,8.0,7.75,8.5,7.25,6.5,7.25,6.5,3.75,1.0,0.0,0.0,0.0,0.0,0.0,0.0,0.0,0.0,0.0,0.0,0.0,0.0,0.0,0.0,0.0,0.0,0.0,0.0,0.0,0.0,0.0,0.0,0.0,0.0,0.0,0.0,0.0,0.0,0.0,0.0,0.0,0.0,0.0,0.0,0.0,0.0,0.0,0.0,0.0,0.0,0.0,0.0,0.0,0.0,0.0,0.0,0.0,0.0,0.0,0.0
/Volumes/MobileCallLib/RufanalyseReferenz2015/AssortedRecordings/140609-TROENDELDX-00024.raw,Nyctaloid,Eser,37,4.9000001,49.6023178,30.0556068,4843.1787109,56.0,30.0,29.6274834,1.0948372,-0.5,1.0714149,29.7390556,42.9918442,14.4750633,-0.89008,0.12,33.6107712,-0.5257306,-0.2934437,0.52,34.0377655,34.0377655,39.53825,1.2,0.244898,0.2267265,-0.311954,-0.3141212,-0.3989125,4.4000001,0.8,3.0,0.0,0.0,0.0,0.0,0.0,0.0,0.0,0.0,0.0,0.0,0.0,0.0,0.0,0.0,0.0,0.0,0.0,0.0,19.75,52.25,56.0,44.0,38.0,33.75,31.25,27.5,24.5,22.25,18.75,16.5,15.5,15.0,13.25,9.75,9.0,10.0,9.25,8.75,8.25,5.25,1.5,0.0,0.0,0.0,0.0,0.0,0.0,0.0,0.0,0.0,0.0,0.0,0.0,0.0,0.0,0.0,0.0,0.0,0.0,0.0,0.0,0.0,0.0,0.0,0.0,0.0,0.0,0.0,0.0,0.0,0.0,0.0,0.0,0.0,0.0,0.0,0.0,0.0,0.0,0.0,0.0,0.0,0.0,0.0,0.0,0.0,0.0,0.0,0.0,0.0,0.0,0.0,0.0,0.0,0.0
/Volumes/MobileCallLib/RufanalyseReferenz2015/AssortedRecordings/140609-TROENDELDX-00024.raw,Nyctaloid,Eser,36,5.7005005,45.004921,32.8034286,4757.1899414,100.75,31.0,29.8320503,1.3876915,-2.1000001,-1.2398911,32.0595016,40.2549744,8.6696205,-0.6809278,0.1034483,31.9355145,-3.2179213,0.1527314,0.862069,32.3874969,31.4797993,37.3837929,1.2,0.2105078,0.1126562,-0.2814922,-0.2520905,-0.2140613,3.7,0.6,3.0,0.0,0.0,0.0,0.0,0.0,0.0,0.0,0.0,0.0,0.0,0.0,0.0,0.0,0.0,0.0,0.0,0.0,0.0,7.5,44.75,90.0,100.75,81.25,48.5,29.25,26.5,22.5,19.5,18.5,16.5,14.0,12.5,12.25,12.5,9.5,3.5,0.25,0.0,0.0,0.0,0.0,0.0,0.0,0.0,0.0,0.0,0.0,0.0,0.0,0.0,0.0,0.0,0.0,0.0,0.0,0.0,0.0,0.0,0.0,0.0,0.0,0.0,0.0,0.0,0.0,0.0,0.0,0.0,0.0,0.0,0.0,0.0,0.0,0.0,0.0,0.0,0.0,0.0,0.0,0.0,0.0,0.0,0.0,0.0,0.0,0.0,0.0,0.0,0.0,0.0,0.0,0.0,0.0,0.0,0.0
/Volumes/MobileCallLib/RufanalyseReferenz2015/AssortedRecordings/140609-TROENDELDX-00024.raw,Nyctaloid,Eser,31,5.9000001,35.3448181,27.0916424,4245.9755859,101.0,27.0,26.2598839,0.2919006,-0.9000001,-0.0482178,26.3331852,33.8029976,5.6571798,-0.2503071,0.0833333,26.940897,-7.1088161,-0.1038218,0.7666667,28.6713448,28.6713448,30.7315941,1.9,0.3220339,0.2767016,-0.1343503,-0.1539173,-0.1398843,3.9000001,1.0,2.0,0.0,0.0,0.0,0.0,0.0,0.0,0.0,0.0,0.0,0.0,0.0,0.0,0.0,0.0,0.0,36.75,96.25,101.0,75.25,60.5,49.75,42.75,39.75,40.0,31.25,14.0,2.75,0.0,0.0,0.0,0.0,0.0,0.0,0.0,0.0,0.0,0.0,0.0,0.0,0.0,0.0,0.0,0.0,0.0,0.0,0.0,0.0,0.0,0.0,0.0,0.0,0.0,0.0,0.0,0.0,0.0,0.0,0.0,0.0,0.0,0.0,0.0,0.0,0.0,0.0,0.0,0.0,0.0,0.0,0.0,0.0,0.0,0.0,0.0,0.0,0.0,0.0,0.0,0.0,0.0,0.0,0.0,0.0,0.0,0.0,0.0,0.0,0.0,0.0,0.0,0.0,0.0,0.0,0.0,0.0
/Volumes/MobileCallLib/RufanalyseReferenz2015/AssortedRecordings/140609-TROENDELDX-00024.raw,Nyctaloid,Eser,35,6.3005004,49.0161209,29.0676994,4671.6547852,99.25,28.0,27.7848701,1.0336113,-1.0999999,-1.2062454,28.3439522,42.0795937,13.3171873,-0.9150004,0.09375,28.3439522,-1.8034432,0.1366577,0.890625,31.3725471,31.3725471,38.3746567,1.2,0.1904611,0.1709989,-0.2348447,-0.2332821,-0.3166416,5.3000002,0.6,3.0,0.0,0.0,0.0,0.0,0.0,0.0,0.0,0.0,0.0,0.0,0.0,0.0,0.0,0.0,0.0,0.0,9.0,55.25,99.25,81.75,51.5,41.5,36.5,34.0,29.25,24.25,22.75,21.5,18.5,16.5,14.75,12.5,10.5,9.0,8.5,8.25,8.0,8.0,6.25,2.5,0.25,0.0,0.0,0.0,0.0,0.0,0.0,0.0,0.0,0.0,0.0,0.0,0.0,0.0,0.0,0.0,0.0,0.0,0.0,0.0,0.0,0.0,0.0,0.0,0.0,0.0,0.0,0.0,0.0,0.0,0.0,0.0,0.0,0.0,0.0,0.0,0.0,0.0,0.0,0.0,0.0,0.0,0.0,0.0,0.0,0.0,0.0,0.0,0.0,0.0,0.0,0.0,0.0,0.0,0.0
/Volumes/MobileCallLib/RufanalyseReferenz2015/AssortedRecordings/140609-TROENDELDX-00062.raw,Nyctaloid,Eser,5,6.6000628,33.4308968,24.4948807,1026.0396729,113.0,26.0,26.5339813,0.0867844,-2.5,0.7320023,25.2189999,29.4221344,7.2612376,-0.1909199,0.2537313,26.4942436,-5.3276615,-0.079968,0.641791,27.2463474,27.2463474,28.9628887,2.1000001,0.3181788,0.3079076,-0.1372972,-0.1313896,-0.1353942,3.0,1.7,2.0,0.0,0.0,0.0,0.0,0.0,0.0,0.0,0.0,0.0,0.0,0.0,0.0,0.0,9.5,57.5,110.75,113.0,93.25,72.0,54.0,47.25,42.0,35.25,20.5,5.0,0.0,0.0,0.0,0.0,0.0,0.0,0.0,0.0,0.0,0.0,0.0,0.0,0.0,0.0,0.0,0.0,0.0,0.0,0.0,0.0,0.0,0.0,0.0,0.0,0.0,0.0,0.0,0.0,0.0,0.0,0.0,0.0,0.0,0.0,0.0,0.0,0.0,0.0,0.0,0.0,0.0,0.0,0.0,0.0,0.0,0.0,0.0,0.0,0.0,0.0,0.0,0.0,0.0,0.0,0.0,0.0,0.0,0.0,0.0,0.0,0.0,0.0,0.0,0.0,0.0,0.0,0.0,0.0,0.0,0.0
/Volumes/MobileCallLib/RufanalyseReferenz2015/AssortedRecordings/140609-TROENDELDX-00024.raw,Nyctaloid,Eser,1,7.0000005,45.3580704,27.8812733,45.3536263,93.0,28.0,27.0719318,0.2104568,-0.5,0.7344818,27.3251591,37.0743828,11.2492142,-0.4779906,0.1690141,27.7957077,-3.0890887,-0.1035228,0.8309859,31.0423717,31.0423717,36.2097397,1.5,0.2142857,0.2175786,-0.1922379,-0.195405,-0.2496685,5.7000003,0.6,3.0,0.0,0.0,0.0,0.0,0.0,0.0,0.0,0.0,0.0,0.0,0.0,0.0,0.0,0.0,0.0,0.0,35.25,90.25,93.0,70.0,58.25,48.5,42.0,40.0,38.5,33.0,26.0,19.5,16.25,15.75,14.0,12.0,12.0,13.75,13.25,7.25,1.5,0.0,0.0,0.0,0.0,0.0,0.0,0.0,0.0,0.0,0.0,0.0,0.0,0.0,0.0,0.0,0.0,0.0,0.0,0.0,0.0,0.0,0.0,0.0,0.0,0.0,0.0,0.0,0.0,0.0,0.0,0.0,0.0,0.0,0.0,0.0,0.0,0.0,0.0,0.0,0.0,0.0,0.0,0.0,0.0,0.0,0.0,0.0,0.0,0.0,0.0,0.0,0.0,0.0,0.0,0.0,0.0,0.0,0.0
/Volumes/MobileCallLib/RufanalyseReferenz2015/AssortedRecordings/140609-TROENDELDX-00051.raw,Nyctaloid,Eser,16,7.0000005,45.1151619,27.5311165,1847.8267822,82.75,28.0,28.2809029,0.1233101,-1.0999999,0.9044838,27.813282,33.1259918,12.7219648,-0.2308469,0.3802817,27.5311165,-8.6956472,-0.0193415,1.0,31.5873528,31.5873528,36.2543602,1.8000001,0.2571428,0.2366488,-0.2712994,-0.1922741,-0.2512006,4.5999999,0.5,3.0,0.0,0.0,0.0,0.0,0.0,0.0,0.0,0.0,0.0,0.0,0.0,0.0,0.0,0.0,0.0,0.0,19.5,60.25,82.75,82.0,69.75,52.5,45.75,40.5,33.25,31.25,27.5,23.75,23.25,21.25,18.5,16.75,16.5,17.0,12.75,4.75,0.5,0.0,0.0,0.0,0.0,0.0,0.0,0.0,0.0,0.0,0.0,0.0,0.0,0.0,0.0,0.0,0.0,0.0,0.0,0.0,0.0,0.0,0.0,0.0,0.0,0.0,0.0,0.0,0.0,0.0,0.0,0.0,0.0,0.0,0.0,0.0,0.0,0.0,0.0,0.0,0.0,0.0,0.0,0.0,0.0,0.0,0.0,0.0,0.0,0.0,0.0,0.0,0.0,0.0,0.0,0.0,0.0,0.0,0.0
/Volumes/MobileCallLib/RufanalyseReferenz2015/AssortedRecordings/140609-TROENDELDX-00024.raw,Nyctaloid,Eser,34,7.0000005,44.5032387,30.9861431,4576.8647461,111.0,29.0,28.0355034,0.2147865,-1.5999999,-2.7480316,29.3373241,40.1311035,18.5562057,-0.8235445,0.056338,28.9023895,-3.4612007,-0.1119545,0.6478873,30.71134,30.3864517,36.1425018,1.3000001,0.1857143,0.1557692,-0.1887341,-0.1958094,-0.1931014,4.4000001,1.3000001,2.0,0.0,0.0,0.0,0.0,0.0,0.0,0.0,0.0,0.0,0.0,0.0,0.0,0.0,0.0,0.0,0.0,10.75,58.75,110.75,111.0,83.0,57.25,42.5,37.75,33.5,29.5,25.0,21.5,19.5,16.0,12.0,9.75,8.5,7.25,4.5,1.25,0.0,0.0,0.0,0.0,0.0,0.0,0.0,0.0,0.0,0.0,0.0,0.0,0.0,0.0,0.0,0.0,0.0,0.0,0.0,0.0,0.0,0.0,0.0,0.0,0.0,0.0,0.0,0.0,0.0,0.0,0.0,0.0,0.0,0.0,0.0,0.0,0.0,0.0,0.0,0.0,0.0,0.0,0.0,0.0,0.0,0.0,0.0,0.0,0.0,0.0,0.0,0.0,0.0,0.0,0.0,0.0,0.0,0.0,0.0
/Volumes/MobileCallLib/RufanalyseReferenz2015/AssortedRecordings/140609-TROENDELDX-00051.raw,Nyctaloid,Eser,3,7.1000314,45.2597313,26.1909027,300.178772,77.5,27.0,29.3083649,0.7653618,-2.7999997,1.0975838,26.4263268,39.6872292,9.3441067,-0.4899812,0.1111111,29.0562878,-2.9280849,-0.1286595,0.6388889,30.7086639,30.7086639,35.5960121,1.9,0.2676044,0.2471291,-0.1948135,-0.2053146,-0.268575,6.9000001,0.5,3.0,0.0,0.0,0.0,0.0,0.0,0.0,0.0,0.0,0.0,0.0,0.0,0.0,0.0,0.0,3.5,28.0,65.0,77.5,72.75,66.5,54.0,43.25,37.5,33.0,30.0,28.0,25.25,23.25,23.5,22.0,18.5,16.75,14.5,11.75,9.5,5.0,1.0,0.0,0.0,0.0,0.0,0.0,0.0,0.0,0.0,0.0,0.0,0.0,0.0,0.0,0.0,0.0,0.0,0.0,0.0,0.0,0.0,0.0,0.0,0.0,0.0,0.0,0.0,0.0,0.0,0.0,0.0,0.0,0.0,0.0,0.0,0.0,0.0,0.0,0.0,0.0,0.0,0.0,0.0,0.0,0.0,0.0,0.0,0.0,0.0,0.0,0.0,0.0,0.0,0.0,0.0,0.0,0.0,0.0,0.0
/Volumes/MobileCallLib/RufanalyseReferenz2015/AssortedRecordings/140609-TROENDELDX-00024.raw,Nyctaloid,Eser,28,7.2002501,47.3746338,26.9652958,3635.185791,82.5,27.0,26.5603065,0.7081413,-0.4000001,0.9129715,26.9036942,36.598053,13.1986256,-0.5082226,0.1917808,27.4638634,-3.0667901,-0.112932,0.8356164,31.0832653,31.0832653,36.9497681,1.4,0.1944377,0.2186295,-0.218452,-0.1935225,-0.283463,6.0,0.7,3.0,0.0,0.0,0.0,0.0,0.0,0.0,0.0,0.0,0.0,0.0,0.0,0.0,0.0,0.0,0.0,19.0,60.25,82.5,76.25,63.75,53.25,47.0,43.75,43.25,41.5,33.25,23.5,16.75,14.0,14.75,15.0,13.5,12.0,11.75,11.5,10.25,8.0,4.25,1.0,0.0,0.0,0.0,0.0,0.0,0.0,0.0,0.0,0.0,0.0,0.0,0.0,0.0,0.0,0.0,0.0,0.0,0.0,0.0,0.0,0.0,0.0,0.0,0.0,0.0,0.0,0.0,0.0,0.0,0.0,0.0,0.0,0.0,0.0,0.0,0.0,0.0,0.0,0.0,0.0,0.0,0.0,0.0,0.0,0.0,0.0,0.0,0.0,0.0,0.0,0.0,0.0,0.0,0.0,0.0,0.0
/Volumes/MobileCallLib/RufanalyseReferenz2015/AssortedRecordings/140609-TROENDELDX-00051.raw,Nyctaloid,Eser,5,7.3000002,36.7775345,26.5546284,570.1013794,116.5,26.0,25.615099,0.5677795,-0.6999998,0.0105667,25.58671,32.5410957,5.3091974,-0.2897761,0.1756757,26.0402107,-2.9246469,-0.1030478,0.8243243,28.4704857,28.4704857,30.9677086,2.0,0.2739726,0.2850862,-0.1210539,-0.1446819,-0.1400398,5.0,1.2,2.0,0.0,0.0,0.0,0.0,0.0,0.0,0.0,0.0,0.0,0.0,0.0,0.0,0.0,0.0,25.75,87.0,116.5,97.25,80.5,68.25,54.75,45.75,37.25,31.0,28.0,27.75,22.25,8.0,0.0,0.0,0.0,0.0,0.0,0.0,0.0,0.0,0.0,0.0,0.0,0.0,0.0,0.0,0.0,0.0,0.0,0.0,0.0,0.0,0.0,0.0,0.0,0.0,0.0,0.0,0.0,0.0,0.0,0.0,0.0,0.0,0.0,0.0,0.0,0.0,0.0,0.0,0.0,0.0,0.0,0.0,0.0,0.0,0.0,0.0,0.0,0.0,0.0,0.0,0.0,0.0,0.0,0.0,0.0,0.0,0.0,0.0,0.0,0.0,0.0,0.0,0.0,0.0,0.0,0.0,0.0
/Volumes/MobileCallLib/RufanalyseReferenz2015/AssortedRecordings/140609-TROENDELDX-00024.raw,Nyctaloid,Eser,33,7.3005004,40.586319,28.0164833,4481.7978516,135.25,28.0,27.7032852,0.590229,-1.8000002,0.0984573,27.8988152,37.5659828,10.045784,-0.5070367,0.0675676,27.9283524,-4.2057457,0.0268993,0.8108108,29.5141296,29.5141296,34.1032524,1.4,0.1917677,0.1460686,-0.1437888,-0.1638622,-0.1721895,3.5,2.1000001,2.0,0.0,0.0,0.0,0.0,0.0,0.0,0.0,0.0,0.0,0.0,0.0,0.0,0.0,0.0,0.0,0.0,48.25,129.75,135.25,86.75,58.25,47.0,41.0,37.0,31.25,26.0,24.25,20.75,17.0,15.0,9.75,2.75,0.0,0.0,0.0,0.0,0.0,0.0,0.0,0.0,0.0,0.0,0.0,0.0,0.0,0.0,0.0,0.0,0.0,0.0,0.0,0.0,0.0,0.0,0.0,0.0,0.0,0.0,0.0,0.0,0.0,0.0,0.0,0.0,0.0,0.0,0.0,0.0,0.0,0.0,0.0,0.0,0.0,0.0,0.0,0.0,0.0,0.0,0.0,0.0,0.0,0.0,0.0,0.0,0.0,0.0,0.0,0.0,0.0,0.0,0.0,0.0,0.0,0.0,0.0
/Volumes/MobileCallLib/RufanalyseReferenz2015/AssortedRecordings/080808-NORRBYXXX4-0042.raw,Nyctaloid,Enil,2,7.5000005,32.8039589,28.673399,358.3926697,206.5,29.0,29.9834957,0.1696014,-4.2000003,-1.1645317,28.8618145,32.1117783,5.5978112,-0.1234133,0.0526316,29.2034473,-14.9486904,-0.0013149,0.9342105,29.7680283,29.7680283,30.6161041,2.3,0.3066666,0.3061858,-0.0670567,-0.0526733,-0.0550741,0.9,2.5,1.0,0.0,0.0,0.0,0.0,0.0,0.0,0.0,0.0,0.0,0.0,0.0,0.0,0.0,0.0,0.0,0.0,0.0,47.0,156.5,206.5,161.75,108.25,56.75,13.25,0.0,0.0,0.0,0.0,0.0,0.0,0.0,0.0,0.0,0.0,0.0,0.0,0.0,0.0,0.0,0.0,0.0,0.0,0.0,0.0,0.0,0.0,0.0,0.0,0.0,0.0,0.0,0.0,0.0,0.0,0.0,0.0,0.0,0.0,0.0,0.0,0.0,0.0,0.0,0.0,0.0,0.0,0.0,0.0,0.0,0.0,0.0,0.0,0.0,0.0,0.0,0.0,0.0,0.0,0.0,0.0,0.0,0.0,0.0,0.0,0.0,0.0,0.0,0.0,0.0,0.0,0.0,0.0,0.0,0.0,0.0
/Volumes/MobileCallLib/RufanalyseReferenz2015/AssortedRecordings/140609-TROENDELDX-00024.raw,Nyctaloid,Eser,2,7.5000162,34.9812546,25.7879028,197.3165894,148.75,26.0,26.6770458,0.2455521,-0.5,-0.3215408,26.6244106,33.4843941,5.5323687,-0.3209348,0.0526316,26.6893234,-14.9487047,-0.0930417,0.9342105,28.0904922,28.0904922,30.3845787,1.9,0.2533328,0.2504624,-0.077467,-0.0976009,-0.122578,3.4000001,1.9,2.0,0.0,0.0,0.0,0.0,0.0,0.0,0.0,0.0,0.0,0.0,0.0,0.0,0.0,0.0,1.25,61.0,148.75,143.25,95.5,78.25,69.0,54.25,41.75,33.75,18.75,4.5,0.0,0.0,0.0,0.0,0.0,0.0,0.0,0.0,0.0,0.0,0.0,0.0,0.0,0.0,0.0,0.0,0.0,0.0,0.0,0.0,0.0,0.0,0.0,0.0,0.0,0.0,0.0,0.0,0.0,0.0,0.0,0.0,0.0,0.0,0.0,0.0,0.0,0.0,0.0,0.0,0.0,0.0,0.0,0.0,0.0,0.0,0.0,0.0,0.0,0.0,0.0,0.0,0.0,0.0,0.0,0.0,0.0,0.0,0.0,0.0,0.0,0.0,0.0,0.0,0.0,0.0,0.0,0.0,0.0
/Volumes/MobileCallLib/RufanalyseReferenz2015/AssortedRecordings/140609-TROENDELDX-00051.raw,Nyctaloid,Eser,17,7.7001252,31.083868,27.7504578,1970.4226074,170.0,26.0,25.7677879,0.2261543,-1.9000001,-0.4271698,25.3699894,29.2948399,3.7758687,-0.1273808,0.1794872,25.8054237,-5.3576894,-0.0402822,0.7948718,27.1313858,27.046257,28.1688499,2.5,0.32467,0.3081634,-0.0663192,-0.0754509,-0.043291,1.7,2.9000001,2.0,0.0,0.0,0.0,0.0,0.0,0.0,0.0,0.0,0.0,0.0,0.0,0.0,0.0,0.0,50.5,143.25,170.0,135.0,98.5,76.5,59.75,30.25,6.25,0.0,0.0,0.0,0.0,0.0,0.0,0.0,0.0,0.0,0.0,0.0,0.0,0.0,0.0,0.0,0.0,0.0,0.0,0.0,0.0,0.0,0.0,0.0,0.0,0.0,0.0,0.0,0.0,0.0,0.0,0.0,0.0,0.0,0.0,0.0,0.0,0.0,0.0,0.0,0.0,0.0,0.0,0.0,0.0,0.0,0.0,0.0,0.0,0.0,0.0,0.0,0.0,0.0,0.0,0.0,0.0,0.0,0.0,0.0,0.0,0.0,0.0,0.0,0.0,0.0,0.0,0.0,0.0,0.0,0.0,0.0,0.0
/Volumes/MobileCallLib/RufanalyseReferenz2015/AssortedRecordings/140609-TROENDELDX-00051.raw,Nyctaloid,Eser,1,7.9000006,43.5526543,26.4348145,44.8396187,124.5,26.0,25.9121456,0.2678299,-1.0,-0.5956268,26.0774403,40.3789711,10.3470707,-0.5101686,0.0625,26.4348145,-4.4545979,0.0595622,1.0,29.1677723,29.1677723,34.7257042,1.9,0.2405063,0.1851726,-0.1484566,-0.1520729,-0.2166815,5.3000002,1.9,2.0,0.0,0.0,0.0,0.0,0.0,0.0,0.0,0.0,0.0,0.0,0.0,0.0,0.0,0.0,8.75,63.75,124.5,109.75,74.75,64.75,51.25,36.0,27.5,24.75,26.0,26.0,22.5,21.25,22.75,22.75,20.75,18.0,14.0,8.0,2.25,0.0,0.0,0.0,0.0,0.0,0.0,0.0,0.0,0.0,0.0,0.0,0.0,0.0,0.0,0.0,0.0,0.0,0.0,0.0,0.0,0.0,0.0,0.0,0.0,0.0,0.0,0.0,0.0,0.0,0.0,0.0,0.0,0.0,0.0,0.0,0.0,0.0,0.0,0.0,0.0,0.0,0.0,0.0,0.0,0.0,0.0,0.0,0.0,0.0,0.0,0.0,0.0,0.0,0.0,0.0,0.0,0.0,0.0,0.0,0.0
/Volumes/MobileCallLib/RufanalyseReferenz2015/AssortedRecordings/080808-NORRBYXXX4-0042.raw,Nyctaloid,Enil,1,7.9000044,42.4535904,29.5832615,45.5695343,138.0,30.0,29.7380047,1.416626,-1.6999998,-0.2235985,29.6220608,37.2860489,7.5360212,-0.3918085,0.1375,30.0321407,-13.6468639,-0.0993664,0.875,31.9760857,31.9760857,35.8024902,1.6,0.2025315,0.2123482,-0.1094279,-0.1366749,-0.1629156,3.3,1.2,2.0,0.0,0.0,0.0,0.0,0.0,0.0,0.0,0.0,0.0,0.0,0.0,0.0,0.0,0.0,0.0,0.0,0.0,0.0,38.0,115.0,138.0,106.25,85.5,68.5,48.75,37.75,31.75,26.0,21.5,19.75,20.25,19.0,11.25,2.75,0.0,0.0,0.0,0.0,0.0,0.0,0.0,0.0,0.0,0.0,0.0,0.0,0.0,0.0,0.0,0.0,0.0,0.0,0.0,0.0,0.0,0.0,0.0,0.0,0.0,0.0,0.0,0.0,0.0,0.0,0.0,0.0,0.0,0.0,0.0,0.0,0.0,0.0,0.0,0.0,0.0,0.0,0.0,0.0,0.0,0.0,0.0,0.0,0.0,0.0,0.0,0.0,0.0,0.0,0.0,0.0,0.0,0.0,0.0,0.0,0.0
/Volumes/MobileCallLib/RufanalyseReferenz2015/AssortedRecordings/140609-TROENDELDX-00024.raw,Nyctaloid,Eser,27,8.0,49.5328331,25.7239342,3479.0175781,92.0,26.0,25.5345554,0.3141785,-0.4000001,0.6019974,25.7248592,43.4874268,11.7034445,-0.9535131,0.0617284,29.3152847,-2.8385315,-0.1568577,0.5555556,29.9726467,29.9726467,37.5258408,1.4,0.175,0.1854669,-0.1706014,-0.1635389,-0.2976112,5.8000002,0.7,3.0,0.0,0.0,0.0,0.0,0.0,0.0,0.0,0.0,0.0,0.0,0.0,0.0,0.0,0.0,19.75,64.0,92.0,86.75,72.0,64.25,57.75,49.25,41.0,34.0,29.0,23.75,19.75,17.75,16.5,15.5,14.5,13.5,12.25,10.5,9.75,9.75,8.5,7.25,6.25,3.75,1.0,0.0,0.0,0.0,0.0,0.0,0.0,0.0,0.0,0.0,0.0,0.0,0.0,0.0,0.0,0.0,0.0,0.0,0.0,0.0,0.0,0.0,0.0,0.0,0.0,0.0,0.0,0.0,0.0,0.0,0.0,0.0,0.0,0.0,0.0,0.0,0.0,0.0,0.0,0.0,0.0,0.0,0.0,0.0,0.0,0.0,0.0,0.0,0.0,0.0,0.0,0.0,0.0,0.0,0.0
/Volumes/MobileCallLib/RufanalyseReferenz2015/AssortedRecordings/140609-TROENDELDX-00024.raw,Nyctaloid,Eser,25,8.0002508,48.742466,34.5244102,3315.128418,102.5,28.0,27.2061882,0.1718712,-1.9000001,-4.3176842,30.4454536,35.4815025,11.4910231,-0.4184513,0.2222222,28.9306583,-1.143572,-0.1378508,0.5925926,31.2530117,30.2120457,37.9700317,1.4,0.1749945,0.139915,-0.2045894,-0.2003555,-0.1777257,5.7000003,0.8,3.0,0.0,0.0,0.0,0.0,0.0,0.0,0.0,0.0,0.0,0.0,0.0,0.0,0.0,0.0,0.0,0.0,35.5,93.5,102.5,84.0,74.0,65.25,57.0,49.5,40.25,27.75,19.5,16.75,15.25,15.0,15.25,13.5,11.75,12.0,12.0,10.5,9.75,10.0,7.25,2.25,0.0,0.0,0.0,0.0,0.0,0.0,0.0,0.0,0.0,0.0,0.0,0.0,0.0,0.0,0.0,0.0,0.0,0.0,0.0,0.0,0.0,0.0,0.0,0.0,0.0,0.0,0.0,0.0,0.0,0.0,0.0,0.0,0.0,0.0,0.0,0.0,0.0,0.0,0.0,0.0,0.0,0.0,0.0,0.0,0.0,0.0,0.0,0.0,0.0,0.0,0.0,0.0,0.0,0.0,0.0
/Volumes/MobileCallLib/RufanalyseReferenz2015/AssortedRecordings/140609-TROENDELDX-00024.raw,Nyctaloid,Eser,3,8.2000008,51.7727242,27.8087807,360.7797241,97.0,27.0,26.5814743,0.002079,-0.5999999,-0.118618,26.7716484,47.0205307,13.1389389,-0.9677072,0.0481928,27.2615166,-2.4936147,-0.1317089,0.8433735,31.0428467,31.0428467,39.1712189,1.5,0.1829268,0.177484,-0.1834936,-0.1961832,-0.2922432,6.3000002,0.7,3.0,0.0,0.0,0.0,0.0,0.0,0.0,0.0,0.0,0.0,0.0,0.0,0.0,0.0,0.0,0.0,19.0,65.75,97.0,91.75,74.0,57.75,46.25,39.25,37.25,38.75,36.75,29.5,21.75,16.5,13.75,13.25,13.5,13.5,12.75,11.75,13.25,13.5,9.75,8.25,9.25,8.75,5.75,1.75,0.0,0.0,0.0,0.0,0.0,0.0,0.0,0.0,0.0,0.0,0.0,0.0,0.0,0.0,0.0,0.0,0.0,0.0,0.0,0.0,0.0,0.0,0.0,0.0,0.0,0.0,0.0,0.0,0.0,0.0,0.0,0.0,0.0,0.0,0.0,0.0,0.0,0.0,0.0,0.0,0.0,0.0,0.0,0.0,0.0,0.0,0.0,0.0,0.0,0.0,0.0,0.0
/Volumes/MobileCallLib/RufanalyseReferenz2015/AssortedRecordings/140609-TROENDELDX-00024.raw,Nyctaloid,Eser,29,8.2002506,47.890213,30.5133533,3789.0947266,127.25,28.0,26.8394547,0.060463,-2.0,-1.1597824,28.6070747,36.3881874,12.1619492,-0.4581585,0.1807229,27.7749634,-2.3206315,0.1417053,0.8313253,30.1239605,29.9175758,37.3633232,1.4,0.1707265,0.1463464,-0.176116,-0.1950874,-0.2119129,6.2000003,0.6,3.0,0.0,0.0,0.0,0.0,0.0,0.0,0.0,0.0,0.0,0.0,0.0,0.0,0.0,0.0,0.0,9.5,53.75,115.5,127.25,90.5,60.0,46.0,40.5,41.0,40.25,32.75,23.0,17.75,16.25,16.0,15.25,13.25,11.75,11.75,11.25,9.75,8.75,6.25,2.0,0.0,0.0,0.0,0.0,0.0,0.0,0.0,0.0,0.0,0.0,0.0,0.0,0.0,0.0,0.0,0.0,0.0,0.0,0.0,0.0,0.0,0.0,0.0,0.0,0.0,0.0,0.0,0.0,0.0,0.0,0.0,0.0,0.0,0.0,0.0,0.0,0.0,0.0,0.0,0.0,0.0,0.0,0.0,0.0,0.0,0.0,0.0,0.0,0.0,0.0,0.0,0.0,0.0,0.0,0.0,0.0
/Volumes/MobileCallLib/RufanalyseReferenz2015/AssortedRecordings/140609-TROENDELDX-00024.raw,Nyctaloid,Eser,22,8.3000002,69.319725,28.2310772,2978.8945312,102.5,27.0,27.3407841,0.464325,-0.6999998,-1.0200119,27.419569,35.5553741,10.9746923,-0.3989258,0.3690476,31.6861382,-1.9858346,-0.2671864,0.547619,32.7983398,32.7983398,48.2978363,1.5,0.1807229,0.1313487,-0.250932,-0.2557602,-0.4950439,7.0999999,1.1,2.0,0.0,0.0,0.0,0.0,0.0,0.0,0.0,0.0,0.0,0.0,0.0,0.0,0.0,0.0,0.0,0.0,40.75,102.5,97.25,60.25,44.25,38.75,39.5,40.5,36.75,27.75,20.25,17.0,15.25,14.25,13.75,13.0,12.0,11.25,10.75,10.25,9.75,9.0,8.25,7.75,7.25,7.25,7.5,7.5,7.0,5.75,5.5,7.0,8.25,8.0,7.0,12.0,12.25,13.0,11.0,3.0,0.0,0.0,0.0,0.0,0.0,0.0,0.0,0.0,0.0,0.0,0.0,0.0,0.0,0.0,0.0,0.0,0.0,0.0,0.0,0.0,0.0,0.0,0.0,0.0,0.0,0.0,0.0,0.0,0.0,0.0,0.0,0.0,0.0,0.0,0.0,0.0,0.0,0.0,0.0
/Volumes/MobileCallLib/RufanalyseReferenz2015/AssortedRecordings/140609-TROENDELDX-00024.raw,Nyctaloid,Eser,24,8.3002501,51.8284721,26.3814297,3151.9736328,108.0,26.0,26.3083382,0.2166176,-0.3000002,-0.4195976,26.1357307,35.4263802,8.4693565,-0.4445581,0.2380952,26.3629799,-6.8054576,0.0643163,0.9404762,29.593853,29.593853,38.8298531,1.4,0.1686696,0.1447315,-0.1198533,-0.1709652,-0.3065909,4.4000001,1.0,2.0,0.0,0.0,0.0,0.0,0.0,0.0,0.0,0.0,0.0,0.0,0.0,0.0,0.0,0.0,9.75,58.0,108.0,100.25,79.75,69.5,51.75,42.25,37.75,32.0,28.25,23.25,18.75,17.75,17.25,15.25,13.5,12.75,12.25,11.5,10.75,10.0,9.25,8.75,8.0,8.0,8.25,5.75,1.75,0.0,0.0,0.0,0.0,0.0,0.0,0.0,0.0,0.0,0.0,0.0,0.0,0.0,0.0,0.0,0.0,0.0,0.0,0.0,0.0,0.0,0.0,0.0,0.0,0.0,0.0,0.0,0.0,0.0,0.0,0.0,0.0,0.0,0.0,0.0,0.0,0.0,0.0,0.0,0.0,0.0,0.0,0.0,0.0,0.0,0.0,0.0,0.0,0.0,0.0,0.0,0.0
/Volumes/MobileCallLib/RufanalyseReferenz2015/AssortedRecordings/140609-TROENDELDX-00024.raw,Nyctaloid,Eser,4,8.4000006,35.3615913,26.1478043,529.7775879,145.0,26.0,25.8984718,0.3931999,-0.5999999,-0.8982277,25.795475,31.0830059,5.6172614,-0.1629314,0.2,25.9181309,-5.0040154,0.0467904,0.9176471,27.9993114,27.9993114,30.4035225,2.3,0.2738095,0.2575456,-0.0779457,-0.1041145,-0.1096879,3.9000001,2.4000001,2.0,0.0,0.0,0.0,0.0,0.0,0.0,0.0,0.0,0.0,0.0,0.0,0.0,0.0,0.0,34.0,108.0,145.0,126.25,95.75,77.0,68.75,54.0,41.25,38.0,31.25,16.75,4.0,0.0,0.0,0.0,0.0,0.0,0.0,0.0,0.0,0.0,0.0,0.0,0.0,0.0,0.0,0.0,0.0,0.0,0.0,0.0,0.0,0.0,0.0,0.0,0.0,0.0,0.0,0.0,0.0,0.0,0.0,0.0,0.0,0.0,0.0,0.0,0.0,0.0,0.0,0.0,0.0,0.0,0.0,0.0,0.0,0.0,0.0,0.0,0.0,0.0,0.0,0.0,0.0,0.0,0.0,0.0,0.0,0.0,0.0,0.0,0.0,0.0,0.0,0.0,0.0,0.0,0.0,0.0,0.0
/Volumes/MobileCallLib/RufanalyseReferenz2015/AssortedRecordings/140609-TROENDELDX-00062.raw,Nyctaloid,Eser,4,8.5,33.6319771,24.5314331,723.4888306,153.0,25.0,24.5257339,0.0126648,-0.5,-0.0126648,24.5276337,31.992197,9.62883,-0.2573373,0.0581395,26.3287792,-7.1963634,-0.0564587,0.5697674,26.5738945,26.5738945,29.0766373,2.1000001,0.2470588,0.2252955,-0.129003,-0.1046925,-0.1070652,3.1000001,3.3,2.0,0.0,0.0,0.0,0.0,0.0,0.0,0.0,0.0,0.0,0.0,0.0,0.0,0.0,44.5,129.0,153.0,126.25,103.25,78.0,58.75,51.5,46.75,34.0,18.75,6.25,0.0,0.0,0.0,0.0,0.0,0.0,0.0,0.0,0.0,0.0,0.0,0.0,0.0,0.0,0.0,0.0,0.0,0.0,0.0,0.0,0.0,0.0,0.0,0.0,0.0,0.0,0.0,0.0,0.0,0.0,0.0,0.0,0.0,0.0,0.0,0.0,0.0,0.0,0.0,0.0,0.0,0.0,0.0,0.0,0.0,0.0,0.0,0.0,0.0,0.0,0.0,0.0,0.0,0.0,0.0,0.0,0.0,0.0,0.0,0.0,0.0,0.0,0.0,0.0,0.0,0.0,0.0,0.0,0.0,0.0
/Volumes/MobileCallLib/RufanalyseReferenz2015/AssortedRecordings/140609-TROENDELDX-00051.raw,Nyctaloid,Eser,4,8.5000315,46.3018684,25.7878056,428.9023132,117.0,26.0,26.4237118,0.4915619,-1.8000002,-0.9609413,25.7878056,42.2059517,10.2936573,-0.6627235,0.0581395,25.9378529,-7.6372242,0.0292914,0.9418604,29.3755054,29.3755054,35.9276733,1.8000001,0.2117639,0.1842085,-0.1913321,-0.19911,-0.2413419,5.7000003,1.2,2.0,0.0,0.0,0.0,0.0,0.0,0.0,0.0,0.0,0.0,0.0,0.0,0.0,0.0,0.0,27.5,87.75,117.0,97.75,70.25,54.0,49.0,45.75,39.5,33.0,28.5,26.5,25.25,22.5,18.25,16.75,18.25,17.25,14.75,13.5,12.0,9.25,4.75,1.0,0.0,0.0,0.0,0.0,0.0,0.0,0.0,0.0,0.0,0.0,0.0,0.0,0.0,0.0,0.0,0.0,0.0,0.0,0.0,0.0,0.0,0.0,0.0,0.0,0.0,0.0,0.0,0.0,0.0,0.0,0.0,0.0,0.0,0.0,0.0,0.0,0.0,0.0,0.0,0.0,0.0,0.0,0.0,0.0,0.0,0.0,0.0,0.0,0.0,0.0,0.0,0.0,0.0,0.0,0.0,0.0,0.0
/Volumes/MobileCallLib/RufanalyseReferenz2015/AssortedRecordings/140609-TROENDELDX-00024.raw,Nyctaloid,Eser,9,8.6000004,54.8086891,27.5347519,1313.5985107,109.75,27.0,26.9612579,0.0505257,-0.8000002,-0.1659393,27.138279,48.2133904,10.9446802,-1.0833173,0.0574713,27.341238,-2.6926544,0.0720024,0.9425287,31.7513199,31.7513199,40.8837128,1.5,0.1744186,0.172086,-0.1920233,-0.2075787,-0.3171388,6.2000003,1.0,2.0,0.0,0.0,0.0,0.0,0.0,0.0,0.0,0.0,0.0,0.0,0.0,0.0,0.0,0.0,0.0,6.5,53.0,109.75,102.0,66.25,52.5,48.25,44.25,43.75,44.25,39.0,31.25,24.0,19.0,17.0,16.25,15.5,14.25,13.25,12.75,12.0,11.25,10.5,9.75,9.25,8.0,6.75,6.75,6.75,4.75,1.5,0.0,0.0,0.0,0.0,0.0,0.0,0.0,0.0,0.0,0.0,0.0,0.0,0.0,0.0,0.0,0.0,0.0,0.0,0.0,0.0,0.0,0.0,0.0,0.0,0.0,0.0,0.0,0.0,0.0,0.0,0.0,0.0,0.0,0.0,0.0,0.0,0.0,0.0,0.0,0.0,0.0,0.0,0.0,0.0,0.0,0.0,0.0,0.0,0.0
/Volumes/MobileCallLib/RufanalyseReferenz2015/AssortedRecordings/140609-TROENDELDX-00024.raw,Nyctaloid,Eser,19,8.6002502,69.240181,28.9598503,2651.2133789,114.25,27.0,27.6664658,0.0534058,-0.6999998,-1.0865402,27.6610012,36.3831406,9.9934101,-0.4766703,0.3218391,27.6063137,-3.928478,0.0480468,0.8965517,32.1698074,32.1698074,48.2584038,1.4,0.162786,0.1166055,-0.2391143,-0.2242842,-0.4683759,7.2000003,1.5,2.0,0.0,0.0,0.0,0.0,0.0,0.0,0.0,0.0,0.0,0.0,0.0,0.0,0.0,0.0,0.0,0.0,44.25,114.25,108.75,64.25,48.0,43.0,42.25,41.25,35.0,28.0,22.0,17.5,15.0,13.5,13.0,12.75,12.25,11.5,10.75,10.0,9.25,9.0,8.5,8.0,7.75,7.25,7.0,7.0,6.75,6.25,6.25,6.5,6.0,5.75,6.25,12.25,10.25,10.5,9.5,2.75,0.0,0.0,0.0,0.0,0.0,0.0,0.0,0.0,0.0,0.0,0.0,0.0,0.0,0.0,0.0,0.0,0.0,0.0,0.0,0.0,0.0,0.0,0.0,0.0,0.0,0.0,0.0,0.0,0.0,0.0,0.0,0.0,0.0,0.0,0.0,0.0,0.0,0.0,0.0
/Volumes/MobileCallLib/RufanalyseReferenz2015/AssortedRecordings/140609-TROENDELDX-00024.raw,Nyctaloid,Eser,8,8.7001257,63.5382843,28.0183659,1174.2875977,106.5,27.0,27.3586903,0.0701523,-0.9000001,-0.3356361,27.4649372,51.9565468,11.5823212,-1.3910742,0.0795455,28.0183659,-4.1425824,0.0827842,1.0,32.1215553,32.1215553,45.4150009,1.4,0.1609172,0.1332494,-0.1870944,-0.20924,-0.4082749,6.5999999,1.6,2.0,0.0,0.0,0.0,0.0,0.0,0.0,0.0,0.0,0.0,0.0,0.0,0.0,0.0,0.0,0.0,0.0,42.75,106.5,100.75,67.0,57.0,51.0,44.25,40.25,39.75,34.5,25.5,20.25,18.0,16.0,14.75,14.5,13.75,12.25,11.75,12.0,11.0,9.5,9.0,8.75,9.0,9.0,7.25,5.75,5.5,5.75,6.0,6.25,6.5,6.25,6.0,11.5,4.5,0.0,0.0,0.0,0.0,0.0,0.0,0.0,0.0,0.0,0.0,0.0,0.0,0.0,0.0,0.0,0.0,0.0,0.0,0.0,0.0,0.0,0.0,0.0,0.0,0.0,0.0,0.0,0.0,0.0,0.0,0.0,0.0,0.0,0.0,0.0,0.0,0.0,0.0,0.0,0.0,0.0,0.0
/Volumes/MobileCallLib/RufanalyseReferenz2015/AssortedRecordings/140609-TROENDELDX-00051.raw,Nyctaloid,Eser,2,8.8000002,45.4721565,26.3052464,173.5825806,120.0,26.0,25.5908546,0.2878952,-0.8000002,-1.0370636,25.8501415,39.9707603,14.1412373,-0.5495558,0.0898876,28.637022,-3.0101385,-0.1459539,0.5730337,29.5874386,29.5874386,35.5243073,1.9,0.2159091,0.2016003,-0.1401076,-0.1662054,-0.2178058,6.3000002,1.3000001,2.0,0.0,0.0,0.0,0.0,0.0,0.0,0.0,0.0,0.0,0.0,0.0,0.0,0.0,0.0,22.5,82.0,120.0,102.0,76.0,65.75,58.25,50.5,42.0,32.0,25.75,24.75,25.25,24.75,24.0,21.5,16.5,14.25,15.0,15.5,13.0,7.0,1.75,0.0,0.0,0.0,0.0,0.0,0.0,0.0,0.0,0.0,0.0,0.0,0.0,0.0,0.0,0.0,0.0,0.0,0.0,0.0,0.0,0.0,0.0,0.0,0.0,0.0,0.0,0.0,0.0,0.0,0.0,0.0,0.0,0.0,0.0,0.0,0.0,0.0,0.0,0.0,0.0,0.0,0.0,0.0,0.0,0.0,0.0,0.0,0.0,0.0,0.0,0.0,0.0,0.0,0.0,0.0,0.0,0.0,0.0
/Volumes/MobileCallLib/RufanalyseReferenz2015/AssortedRecordings/140609-TROENDELDX-00051.raw,Nyctaloid,Eser,14,8.8000002,43.5122375,25.0245018,1728.9821777,142.5,26.0,25.919117,0.0291252,-1.1999998,1.014843,25.6523342,38.2052307,8.3627787,-0.6162419,0.0898876,25.5451298,-6.2503605,-0.0752499,0.9438202,28.3036938,28.3036938,34.2683716,1.7,0.1931818,0.1773712,-0.1193061,-0.1508026,-0.2100879,5.0999999,3.8,2.0,0.0,0.0,0.0,0.0,0.0,0.0,0.0,0.0,0.0,0.0,0.0,0.0,0.0,0.0,36.5,112.5,142.5,112.75,79.5,59.5,47.75,41.25,38.5,34.5,28.5,23.0,19.75,17.5,15.25,14.5,14.75,15.75,14.75,8.75,2.25,0.0,0.0,0.0,0.0,0.0,0.0,0.0,0.0,0.0,0.0,0.0,0.0,0.0,0.0,0.0,0.0,0.0,0.0,0.0,0.0,0.0,0.0,0.0,0.0,0.0,0.0,0.0,0.0,0.0,0.0,0.0,0.0,0.0,0.0,0.0,0.0,0.0,0.0,0.0,0.0,0.0,0.0,0.0,0.0,0.0,0.0,0.0,0.0,0.0,0.0,0.0,0.0,0.0,0.0,0.0,0.0,0.0,0.0,0.0,0.0
/Volumes/MobileCallLib/RufanalyseReferenz2015/AssortedRecordings/200808-NORRFAELL2-0424.raw,Nyctaloid,Enil,3,8.8000631,34.3659096,28.5072346,879.2211914,255.75,28.0,28.8839645,0.0918579,-3.3000002,-0.326786,28.1381798,32.7494011,10.2913036,-0.305733,0.0449438,28.5072346,-5.3087912,0.1096478,1.0,29.2365112,29.2365112,31.2172775,1.4,0.1590898,0.1854563,-0.080678,-0.0411301,-0.0665759,1.9,6.2000003,2.0,0.0,0.0,0.0,0.0,0.0,0.0,0.0,0.0,0.0,0.0,0.0,0.0,0.0,0.0,0.0,0.0,0.0,101.75,255.75,235.5,128.75,75.75,45.0,24.75,10.5,2.25,0.0,0.0,0.0,0.0,0.0,0.0,0.0,0.0,0.0,0.0,0.0,0.0,0.0,0.0,0.0,0.0,0.0,0.0,0.0,0.0,0.0,0.0,0.0,0.0,0.0,0.0,0.0,0.0,0.0,0.0,0.0,0.0,0.0,0.0,0.0,0.0,0.0,0.0,0.0,0.0,0.0,0.0,0.0,0.0,0.0,0.0,0.0,0.0,0.0,0.0,0.0,0.0,0.0,0.0,0.0,0.0,0.0,0.0,0.0,0.0,0.0,0.0,0.0,0.0,0.0,0.0,0.0,0.0,0.0
/Volumes/MobileCallLib/RufanalyseReferenz2015/AssortedRecordings/140609-TROENDELDX-00024.raw,Nyctaloid,Eser,11,8.8001251,65.3015442,27.1232243,1661.923584,113.5,27.0,27.6927471,0.1602173,-0.5,-0.3658295,27.5430584,37.542675,10.2558985,-0.5295329,0.2808989,27.6847363,-10.1114206,-0.0516751,0.9438202,31.9475842,31.9475842,46.2123871,1.4,0.1590886,0.1263639,-0.2512484,-0.2349253,-0.4338446,6.5999999,1.5,2.0,0.0,0.0,0.0,0.0,0.0,0.0,0.0,0.0,0.0,0.0,0.0,0.0,0.0,0.0,0.0,0.0,46.25,113.5,105.75,71.0,58.0,45.5,39.75,39.75,38.25,33.25,26.25,20.0,16.25,14.25,13.0,12.5,12.5,12.0,11.25,10.75,10.0,9.25,9.0,8.75,8.5,8.5,8.0,7.25,7.0,6.75,6.25,6.25,6.75,6.75,6.25,11.25,10.75,3.0,0.0,0.0,0.0,0.0,0.0,0.0,0.0,0.0,0.0,0.0,0.0,0.0,0.0,0.0,0.0,0.0,0.0,0.0,0.0,0.0,0.0,0.0,0.0,0.0,0.0,0.0,0.0,0.0,0.0,0.0,0.0,0.0,0.0,0.0,0.0,0.0,0.0,0.0,0.0,0.0,0.0
/Volumes/MobileCallLib/RufanalyseReferenz2015/AssortedRecordings/140609-TROENDELDX-00024.raw,Nyctaloid,Eser,17,9.1002502,56.0411568,26.4123917,2488.5146484,127.5,26.0,25.9783554,0.2893448,-1.3000002,-0.7284737,26.4997578,42.8927002,10.0912676,-0.8797545,0.1195652,26.656744,-7.2564206,0.0023212,0.9456522,30.0263729,30.0263729,41.0025215,1.4,0.1538419,0.1350683,-0.1302421,-0.1612053,-0.3255908,6.5999999,0.9,3.0,0.0,0.0,0.0,0.0,0.0,0.0,0.0,0.0,0.0,0.0,0.0,0.0,0.0,0.0,4.25,59.0,127.5,113.75,77.25,69.5,59.75,48.0,40.5,35.75,31.0,24.5,19.5,18.0,16.5,15.0,14.25,13.75,12.75,11.25,10.0,9.0,9.0,9.5,9.0,8.25,7.5,7.25,7.25,6.75,6.75,5.5,2.25,0.25,0.0,0.0,0.0,0.0,0.0,0.0,0.0,0.0,0.0,0.0,0.0,0.0,0.0,0.0,0.0,0.0,0.0,0.0,0.0,0.0,0.0,0.0,0.0,0.0,0.0,0.0,0.0,0.0,0.0,0.0,0.0,0.0,0.0,0.0,0.0,0.0,0.0,0.0,0.0,0.0,0.0,0.0,0.0,0.0,0.0,0.0,0.0
/Volumes/MobileCallLib/RufanalyseReferenz2015/AssortedRecordings/200808-NORRFAELL2-0424.raw,Nyctaloid,Enil,2,9.2000008,38.5829124,28.6196613,466.8838196,234.25,29.0,29.8002071,0.1137924,-5.0,0.3054619,28.4250164,34.3037186,30.8643036,-0.678906,0.0430108,28.6196613,-4.4565644,0.0850816,1.0,29.6982574,29.6982574,33.4225006,0.7,0.0760869,0.1391528,-0.0406127,-0.0424643,-0.1082962,2.0,7.0,2.0,0.0,0.0,0.0,0.0,0.0,0.0,0.0,0.0,0.0,0.0,0.0,0.0,0.0,0.0,0.0,0.0,0.0,73.0,207.0,234.25,161.5,96.25,57.5,37.5,22.75,11.75,7.5,6.25,3.75,1.0,0.0,0.0,0.0,0.0,0.0,0.0,0.0,0.0,0.0,0.0,0.0,0.0,0.0,0.0,0.0,0.0,0.0,0.0,0.0,0.0,0.0,0.0,0.0,0.0,0.0,0.0,0.0,0.0,0.0,0.0,0.0,0.0,0.0,0.0,0.0,0.0,0.0,0.0,0.0,0.0,0.0,0.0,0.0,0.0,0.0,0.0,0.0,0.0,0.0,0.0,0.0,0.0,0.0,0.0,0.0,0.0,0.0,0.0,0.0,0.0,0.0,0.0,0.0,0.0,0.0
/Volumes/MobileCallLib/RufanalyseReferenz2015/AssortedRecordings/140609-TROENDELDX-00051.raw,Nyctaloid,Eser,12,9.2001257,45.0587311,26.7876091,1407.5804443,129.0,27.0,27.4231091,0.0573349,-0.6999998,0.0573349,27.3722095,41.1376534,12.9412861,-0.601131,0.0537634,27.4628239,-10.8791475,-0.0730751,0.9462366,30.6489639,30.6489639,35.923172,1.9,0.2065189,0.2113365,-0.1020174,-0.1466761,-0.1985991,5.2000003,1.8000001,2.0,0.0,0.0,0.0,0.0,0.0,0.0,0.0,0.0,0.0,0.0,0.0,0.0,0.0,0.0,0.0,4.0,58.0,129.0,121.75,89.25,81.0,70.0,56.75,45.5,39.5,37.75,34.0,28.25,24.0,23.0,21.75,17.75,14.25,12.25,8.75,3.25,0.25,0.0,0.0,0.0,0.0,0.0,0.0,0.0,0.0,0.0,0.0,0.0,0.0,0.0,0.0,0.0,0.0,0.0,0.0,0.0,0.0,0.0,0.0,0.0,0.0,0.0,0.0,0.0,0.0,0.0,0.0,0.0,0.0,0.0,0.0,0.0,0.0,0.0,0.0,0.0,0.0,0.0,0.0,0.0,0.0,0.0,0.0,0.0,0.0,0.0,0.0,0.0,0.0,0.0,0.0,0.0,0.0,0.0,0.0
/Volumes/MobileCallLib/RufanalyseReferenz2015/AssortedRecordings/140609-TROENDELDX-00024.raw,Nyctaloid,Eser,7,9.3000631,50.9019775,29.4517746,1034.4477539,128.5,27.0,26.4074001,0.0321579,-1.1999998,-3.5045433,26.9892921,37.1107788,10.3955984,-0.5000644,0.1808511,28.1418457,-2.2046571,-0.094321,0.6595744,29.8813,29.8813,38.6538849,1.5,0.1612892,0.1418795,-0.1479278,-0.1607056,-0.2306473,5.3000002,1.1,2.0,0.0,0.0,0.0,0.0,0.0,0.0,0.0,0.0,0.0,0.0,0.0,0.0,0.0,0.0,0.0,33.5,100.0,128.5,113.5,87.25,61.0,47.75,44.0,43.0,40.0,32.5,24.5,19.25,16.5,14.75,13.75,13.0,12.5,12.75,12.75,11.75,10.75,10.25,9.5,8.75,6.25,2.0,0.0,0.0,0.0,0.0,0.0,0.0,0.0,0.0,0.0,0.0,0.0,0.0,0.0,0.0,0.0,0.0,0.0,0.0,0.0,0.0,0.0,0.0,0.0,0.0,0.0,0.0,0.0,0.0,0.0,0.0,0.0,0.0,0.0,0.0,0.0,0.0,0.0,0.0,0.0,0.0,0.0,0.0,0.0,0.0,0.0,0.0,0.0,0.0,0.0,0.0,0.0,0.0,0.0
/Volumes/MobileCallLib/RufanalyseReferenz2015/AssortedRecordings/140609-TROENDELDX-00051.raw,Nyctaloid,Eser,10,9.4001255,45.993187,29.2229538,1072.2886963,138.0,28.0,26.8900528,0.4813576,-1.6999998,-2.4404144,28.97019,42.2798996,9.8057585,-0.6105289,0.0526316,29.4582748,-17.0813503,0.0926058,0.9473684,30.1806412,30.1806412,36.4295845,2.0,0.2127631,0.1732955,-0.1546721,-0.15452,-0.1784067,6.3000002,1.1,2.0,0.0,0.0,0.0,0.0,0.0,0.0,0.0,0.0,0.0,0.0,0.0,0.0,0.0,0.0,0.0,8.25,55.5,118.5,138.0,116.5,77.0,55.25,55.5,47.5,36.25,30.25,27.5,27.0,25.5,23.0,21.0,19.0,17.0,15.0,13.5,9.75,3.25,0.0,0.0,0.0,0.0,0.0,0.0,0.0,0.0,0.0,0.0,0.0,0.0,0.0,0.0,0.0,0.0,0.0,0.0,0.0,0.0,0.0,0.0,0.0,0.0,0.0,0.0,0.0,0.0,0.0,0.0,0.0,0.0,0.0,0.0,0.0,0.0,0.0,0.0,0.0,0.0,0.0,0.0,0.0,0.0,0.0,0.0,0.0,0.0,0.0,0.0,0.0,0.0,0.0,0.0,0.0,0.0,0.0,0.0
/Volumes/MobileCallLib/RufanalyseReferenz2015/AssortedRecordings/140609-TROENDELDX-00024.raw,Nyctaloid,Eser,13,9.4001255,67.3540039,27.2063046,1984.7453613,128.5,27.0,26.9791412,0.1293945,-1.1999998,-0.4073524,27.267046,39.355011,10.2620945,-0.6714606,0.2421053,27.3495655,-3.8161216,-0.0025008,0.9473684,31.681076,31.681076,47.1633377,1.5,0.1595723,0.1165985,-0.1946096,-0.2056103,-0.4271032,7.0,1.6,2.0,0.0,0.0,0.0,0.0,0.0,0.0,0.0,0.0,0.0,0.0,0.0,0.0,0.0,0.0,0.0,4.0,59.5,128.5,112.75,71.75,58.25,50.5,46.5,42.0,36.75,30.25,24.25,20.75,17.75,15.0,13.0,11.75,11.75,12.0,11.25,10.0,9.25,8.5,8.0,7.75,7.25,7.0,6.75,6.75,7.25,7.25,7.25,7.5,7.25,7.0,6.75,12.0,12.0,12.25,4.0,0.0,0.0,0.0,0.0,0.0,0.0,0.0,0.0,0.0,0.0,0.0,0.0,0.0,0.0,0.0,0.0,0.0,0.0,0.0,0.0,0.0,0.0,0.0,0.0,0.0,0.0,0.0,0.0,0.0,0.0,0.0,0.0,0.0,0.0,0.0,0.0,0.0,0.0,0.0,0.0
/Volumes/MobileCallLib/RufanalyseReferenz2015/AssortedRecordings/140609-TROENDELDX-00024.raw,Nyctaloid,Eser,20,9.7000008,60.042675,26.470232,2814.7575684,143.5,26.0,26.7569218,0.0922012,-1.3000002,0.2549934,26.6232262,49.5619049,10.5781422,-1.2990746,0.0714286,26.7615318,-5.1165566,0.0292664,0.8571429,29.8222256,29.8222256,43.224617,1.4,0.1443299,0.1015476,-0.1779335,-0.1737995,-0.3461074,5.3000002,2.4000001,2.0,0.0,0.0,0.0,0.0,0.0,0.0,0.0,0.0,0.0,0.0,0.0,0.0,0.0,0.0,0.0,60.75,143.5,127.5,85.75,73.0,56.75,46.25,40.75,35.25,30.0,25.75,21.0,17.5,16.0,15.0,14.0,13.25,12.5,11.25,10.0,9.5,9.5,9.5,9.25,8.25,7.5,7.5,7.0,6.0,5.5,6.25,7.25,7.0,6.5,5.25,2.25,0.25,0.0,0.0,0.0,0.0,0.0,0.0,0.0,0.0,0.0,0.0,0.0,0.0,0.0,0.0,0.0,0.0,0.0,0.0,0.0,0.0,0.0,0.0,0.0,0.0,0.0,0.0,0.0,0.0,0.0,0.0,0.0,0.0,0.0,0.0,0.0,0.0,0.0,0.0,0.0,0.0,0.0,0.0,0.0
/Volumes/MobileCallLib/RufanalyseReferenz2015/AssortedRecordings/140609-TROENDELDX-00024.raw,Nyctaloid,Eser,5,9.9000006,58.5208244,27.6182594,693.8356934,139.75,27.0,26.7300549,0.0314331,-1.6999998,-1.9758034,26.6004429,51.8436775,10.1545095,-1.408237,0.04,26.8609486,-5.5323496,0.1691489,0.94,29.9905739,29.9905739,42.2531967,1.5,0.1515151,0.1230973,-0.1499264,-0.1794472,-0.3121471,6.7000003,2.0,2.0,0.0,0.0,0.0,0.0,0.0,0.0,0.0,0.0,0.0,0.0,0.0,0.0,0.0,0.0,1.0,46.0,125.5,139.75,101.5,74.75,56.25,44.25,41.25,41.75,39.25,32.25,24.5,19.25,16.25,14.25,13.5,13.75,13.75,13.0,12.0,11.5,11.0,9.5,8.5,8.75,8.75,7.75,6.5,6.5,6.75,6.0,5.75,5.25,3.0,0.75,0.0,0.0,0.0,0.0,0.0,0.0,0.0,0.0,0.0,0.0,0.0,0.0,0.0,0.0,0.0,0.0,0.0,0.0,0.0,0.0,0.0,0.0,0.0,0.0,0.0,0.0,0.0,0.0,0.0,0.0,0.0,0.0,0.0,0.0,0.0,0.0,0.0,0.0,0.0,0.0,0.0,0.0,0.0,0.0,0.0
/Volumes/MobileCallLib/RufanalyseReferenz2015/AssortedRecordings/140609-TROENDELDX-00024.raw,Nyctaloid,Eser,14,9.9000006,55.2846146,26.1010685,2144.3642578,152.75,26.0,26.2244225,0.195694,-1.8999996,0.1803207,26.8277588,45.9328232,11.9244289,-0.9841371,0.08,27.0264606,-12.3357544,-0.0587609,0.93,29.6962013,29.6962013,40.6928406,1.5,0.1515151,0.1231904,-0.1515214,-0.1576424,-0.2947833,6.5999999,1.8000001,2.0,0.0,0.0,0.0,0.0,0.0,0.0,0.0,0.0,0.0,0.0,0.0,0.0,0.0,0.0,0.0,61.75,152.75,141.0,87.5,68.25,58.75,51.25,42.0,35.75,31.75,28.0,24.0,19.5,16.25,14.5,13.75,12.75,11.5,12.0,13.5,12.5,10.0,8.75,8.25,8.0,8.25,8.25,8.25,9.0,7.75,3.75,0.75,0.0,0.0,0.0,0.0,0.0,0.0,0.0,0.0,0.0,0.0,0.0,0.0,0.0,0.0,0.0,0.0,0.0,0.0,0.0,0.0,0.0,0.0,0.0,0.0,0.0,0.0,0.0,0.0,0.0,0.0,0.0,0.0,0.0,0.0,0.0,0.0,0.0,0.0,0.0,0.0,0.0,0.0,0.0,0.0,0.0,0.0,0.0,0.0
/Volumes/MobileCallLib/RufanalyseReferenz2015/AssortedRecordings/140609-TROENDELDX-00051.raw,Nyctaloid,Eser,7,10.0,49.9576187,25.7226448,846.2595825,114.75,27.0,26.006073,0.4828835,-0.5,0.8754921,26.1610641,41.5709496,11.3098869,-0.5506139,0.1089109,25.7226448,-6.598495,-0.0768929,1.0,30.4548473,30.4548473,37.8401337,1.9,0.19,0.1952634,-0.1452646,-0.1587534,-0.2423497,6.0999999,1.6,2.0,0.0,0.0,0.0,0.0,0.0,0.0,0.0,0.0,0.0,0.0,0.0,0.0,0.0,0.0,5.75,46.5,103.0,114.75,100.25,88.25,75.0,64.75,54.5,41.75,31.5,29.75,31.0,26.5,20.5,19.5,21.25,19.5,15.75,14.5,13.5,12.5,12.75,12.75,12.25,9.0,3.0,0.0,0.0,0.0,0.0,0.0,0.0,0.0,0.0,0.0,0.0,0.0,0.0,0.0,0.0,0.0,0.0,0.0,0.0,0.0,0.0,0.0,0.0,0.0,0.0,0.0,0.0,0.0,0.0,0.0,0.0,0.0,0.0,0.0,0.0,0.0,0.0,0.0,0.0,0.0,0.0,0.0,0.0,0.0,0.0,0.0,0.0,0.0,0.0,0.0,0.0,0.0,0.0,0.0,0.0
/Volumes/MobileCallLib/RufanalyseReferenz2015/AssortedRecordings/140609-TROENDELDX-00024.raw,Nyctaloid,Eser,6,10.0000629,34.5310364,26.3551025,872.5755005,204.75,26.0,25.167099,0.0310326,-1.6000004,-0.7909775,25.8300877,28.9450741,6.5337458,-0.129925,0.2970297,25.549572,-6.9579663,0.0351367,0.8811881,27.315979,27.315979,29.8482933,2.4000001,0.2399985,0.2296122,-0.0623751,-0.0764771,-0.0817593,2.5,5.4000001,2.0,0.0,0.0,0.0,0.0,0.0,0.0,0.0,0.0,0.0,0.0,0.0,0.0,0.0,0.0,59.25,173.0,204.75,152.75,105.0,77.75,63.0,51.5,42.75,36.75,25.25,8.25,0.0,0.0,0.0,0.0,0.0,0.0,0.0,0.0,0.0,0.0,0.0,0.0,0.0,0.0,0.0,0.0,0.0,0.0,0.0,0.0,0.0,0.0,0.0,0.0,0.0,0.0,0.0,0.0,0.0,0.0,0.0,0.0,0.0,0.0,0.0,0.0,0.0,0.0,0.0,0.0,0.0,0.0,0.0,0.0,0.0,0.0,0.0,0.0,0.0,0.0,0.0,0.0,0.0,0.0,0.0,0.0,0.0,0.0,0.0,0.0,0.0,0.0,0.0,0.0,0.0,0.0,0.0,0.0,0.0
/Volumes/MobileCallLib/RufanalyseReferenz2015/AssortedRecordings/140609-TROENDELDX-00024.raw,Nyctaloid,Eser,16,10.1002502,66.1358948,27.2600002,2315.5737305,132.75,27.0,26.3000641,0.0966454,-1.3000002,-0.6513214,26.7076035,37.2448425,9.6673594,-0.5577393,0.254902,27.8563881,-1.6687098,-0.1064661,0.6960784,30.4712143,30.4712143,46.2155609,1.5,0.1485112,0.1048171,-0.1628754,-0.1749306,-0.38491,6.4000001,2.8,2.0,0.0,0.0,0.0,0.0,0.0,0.0,0.0,0.0,0.0,0.0,0.0,0.0,0.0,0.0,0.0,49.0,128.5,132.75,92.75,71.25,56.75,45.0,40.5,40.5,36.25,28.5,22.0,17.75,15.25,14.0,13.25,12.75,12.0,11.25,11.0,10.75,10.25,9.75,9.25,8.5,7.75,7.5,7.25,7.0,6.75,6.0,5.75,6.25,6.5,6.75,7.25,15.25,12.75,7.5,0.25,0.0,0.0,0.0,0.0,0.0,0.0,0.0,0.0,0.0,0.0,0.0,0.0,0.0,0.0,0.0,0.0,0.0,0.0,0.0,0.0,0.0,0.0,0.0,0.0,0.0,0.0,0.0,0.0,0.0,0.0,0.0,0.0,0.0,0.0,0.0,0.0,0.0,0.0,0.0,0.0
/Volumes/MobileCallLib/RufanalyseReferenz2015/AssortedRecordings/140609-TROENDELDX-00062.raw,Nyctaloid,Eser,3,10.2000313,38.3951988,24.1903133,441.9648132,161.0,25.0,24.8124542,0.0199318,-1.8999996,0.6472206,24.5786552,35.5614853,5.7028508,-0.3285036,0.0776699,25.0691643,-9.1722527,-0.0158074,0.8446602,27.2666988,27.2666988,31.2927551,2.4000001,0.2352934,0.2165724,-0.1005101,-0.1207018,-0.1392636,4.5999999,2.2,2.0,0.0,0.0,0.0,0.0,0.0,0.0,0.0,0.0,0.0,0.0,0.0,0.0,0.0,44.75,129.75,161.0,135.75,103.25,78.5,62.5,50.75,44.25,39.25,34.75,32.5,31.0,29.25,25.0,14.25,3.5,0.0,0.0,0.0,0.0,0.0,0.0,0.0,0.0,0.0,0.0,0.0,0.0,0.0,0.0,0.0,0.0,0.0,0.0,0.0,0.0,0.0,0.0,0.0,0.0,0.0,0.0,0.0,0.0,0.0,0.0,0.0,0.0,0.0,0.0,0.0,0.0,0.0,0.0,0.0,0.0,0.0,0.0,0.0,0.0,0.0,0.0,0.0,0.0,0.0,0.0,0.0,0.0,0.0,0.0,0.0,0.0,0.0,0.0,0.0,0.0,0.0,0.0,0.0,0.0,0.0
/Volumes/MobileCallLib/RufanalyseReferenz2015/AssortedRecordings/140609-TROENDELDX-00024.raw,Nyctaloid,Eser,12,10.2001257,45.1116142,26.5320797,1817.6945801,182.0,26.0,25.9281502,0.0495148,-1.8000002,-0.2174568,26.4668407,41.3201828,11.7389679,-0.7830687,0.038835,26.5423279,-7.1813049,0.0330741,0.9029126,28.6236992,28.6236992,35.5186462,1.6,0.1568608,0.1406251,-0.1026421,-0.1099491,-0.1821523,5.5999999,2.7,2.0,0.0,0.0,0.0,0.0,0.0,0.0,0.0,0.0,0.0,0.0,0.0,0.0,0.0,0.0,10.0,91.25,182.0,154.75,96.75,78.75,66.25,53.5,43.75,38.75,34.0,29.0,24.25,20.25,17.0,15.75,16.25,14.75,11.75,10.0,7.5,3.25,0.5,0.0,0.0,0.0,0.0,0.0,0.0,0.0,0.0,0.0,0.0,0.0,0.0,0.0,0.0,0.0,0.0,0.0,0.0,0.0,0.0,0.0,0.0,0.0,0.0,0.0,0.0,0.0,0.0,0.0,0.0,0.0,0.0,0.0,0.0,0.0,0.0,0.0,0.0,0.0,0.0,0.0,0.0,0.0,0.0,0.0,0.0,0.0,0.0,0.0,0.0,0.0,0.0,0.0,0.0,0.0,0.0,0.0,0.0
/Volumes/MobileCallLib/RufanalyseReferenz2015/AssortedRecordings/200808-NORRFAELL2-0424.raw,Nyctaloid,Enil,1,10.300004,38.1049194,28.3464355,47.8203468,238.25,29.0,28.5575523,0.0420189,-2.0,-0.5454254,28.5305691,35.3983345,16.2314548,-0.4993625,0.0384615,28.893631,-14.4505463,-0.0100088,0.9519231,29.9664593,29.9664593,33.2256775,1.3000001,0.1262136,0.1660118,-0.0383768,-0.0569363,-0.0947426,2.0,7.5,2.0,0.0,0.0,0.0,0.0,0.0,0.0,0.0,0.0,0.0,0.0,0.0,0.0,0.0,0.0,0.0,0.0,0.0,68.5,198.5,238.25,182.5,121.75,79.5,52.5,35.5,24.5,15.25,9.0,3.75,0.5,0.0,0.0,0.0,0.0,0.0,0.0,0.0,0.0,0.0,0.0,0.0,0.0,0.0,0.0,0.0,0.0,0.0,0.0,0.0,0.0,0.0,0.0,0.0,0.0,0.0,0.0,0.0,0.0,0.0,0.0,0.0,0.0,0.0,0.0,0.0,0.0,0.0,0.0,0.0,0.0,0.0,0.0,0.0,0.0,0.0,0.0,0.0,0.0,0.0,0.0,0.0,0.0,0.0,0.0,0.0,0.0,0.0,0.0,0.0,0.0,0.0,0.0,0.0,0.0,0.0
/Volumes/MobileCallLib/RufanalyseReferenz2015/AssortedRecordings/140609-TROENDELDX-00051.raw,Nyctaloid,Eser,6,10.6000004,44.5956116,27.418663,711.6554565,163.5,26.0,25.184433,0.01688,-1.0,-1.6502571,25.2864189,39.067894,19.3835182,-0.5483241,0.0654206,27.418663,-3.0859461,0.4261694,1.0,28.5263176,28.5263176,34.8473206,1.9,0.1792453,0.1757892,-0.1162095,-0.1221085,-0.1620467,6.2000003,3.2,2.0,0.0,0.0,0.0,0.0,0.0,0.0,0.0,0.0,0.0,0.0,0.0,0.0,0.0,0.0,49.25,141.25,163.5,122.0,91.25,75.5,64.0,54.5,46.0,37.75,31.75,28.25,26.25,26.5,25.75,19.0,13.0,12.25,12.25,11.0,7.0,2.0,0.0,0.0,0.0,0.0,0.0,0.0,0.0,0.0,0.0,0.0,0.0,0.0,0.0,0.0,0.0,0.0,0.0,0.0,0.0,0.0,0.0,0.0,0.0,0.0,0.0,0.0,0.0,0.0,0.0,0.0,0.0,0.0,0.0,0.0,0.0,0.0,0.0,0.0,0.0,0.0,0.0,0.0,0.0,0.0,0.0,0.0,0.0,0.0,0.0,0.0,0.0,0.0,0.0,0.0,0.0,0.0,0.0,0.0,0.0
/Volumes/MobileCallLib/RufanalyseReferenz2015/AssortedRecordings/140609-TROENDELDX-00051.raw,Nyctaloid,Eser,8,10.9000006,50.7141533,25.0312538,963.1032104,169.75,26.0,26.5840855,0.0486374,-2.9000006,0.6772041,25.4375744,33.1657143,6.7213941,-0.2928042,0.2818182,25.7761745,-7.1779089,-0.0049973,0.8909091,28.4983692,28.4983692,37.8727036,1.9,0.1743119,0.134997,-0.1298368,-0.139473,-0.2356229,5.9000001,3.3,2.0,0.0,0.0,0.0,0.0,0.0,0.0,0.0,0.0,0.0,0.0,0.0,0.0,0.0,0.0,51.0,146.25,169.75,125.5,86.75,62.75,48.5,41.5,38.0,32.75,28.5,26.25,23.75,21.25,19.0,17.25,16.0,15.25,15.0,14.5,13.5,13.0,13.0,12.75,12.75,13.0,9.5,3.0,0.0,0.0,0.0,0.0,0.0,0.0,0.0,0.0,0.0,0.0,0.0,0.0,0.0,0.0,0.0,0.0,0.0,0.0,0.0,0.0,0.0,0.0,0.0,0.0,0.0,0.0,0.0,0.0,0.0,0.0,0.0,0.0,0.0,0.0,0.0,0.0,0.0,0.0,0.0,0.0,0.0,0.0,0.0,0.0,0.0,0.0,0.0,0.0,0.0,0.0,0.0,0.0,0.0
/Volumes/MobileCallLib/RufanalyseReferenz2015/AssortedRecordings/140609-TROENDELDX-00024.raw,Nyctaloid,Eser,10,10.9000006,54.7520256,27.02248,1504.3374023,147.0,26.0,25.6717453,0.0011826,-0.8999996,-1.6920853,25.9583035,41.8301849,8.3180733,-0.7197156,0.1181818,27.02248,-3.5812566,0.1692085,1.0,29.7079163,29.7079163,40.2118568,1.6,0.146789,0.1387958,-0.1570344,-0.1402893,-0.2543995,6.0999999,4.0,2.0,0.0,0.0,0.0,0.0,0.0,0.0,0.0,0.0,0.0,0.0,0.0,0.0,0.0,0.0,18.75,86.5,147.0,135.75,101.0,77.25,60.0,55.0,54.0,47.0,37.75,30.25,24.0,20.25,18.5,17.5,16.25,14.75,13.25,12.0,11.5,11.5,10.75,9.5,9.0,9.0,9.0,9.0,8.75,8.0,5.5,1.75,0.0,0.0,0.0,0.0,0.0,0.0,0.0,0.0,0.0,0.0,0.0,0.0,0.0,0.0,0.0,0.0,0.0,0.0,0.0,0.0,0.0,0.0,0.0,0.0,0.0,0.0,0.0,0.0,0.0,0.0,0.0,0.0,0.0,0.0,0.0,0.0,0.0,0.0,0.0,0.0,0.0,0.0,0.0,0.0,0.0,0.0,0.0,0.0,0.0
/Volumes/MobileCallLib/RufanalyseReferenz2015/AssortedRecordings/140609-TROENDELDX-00062.raw,Nyctaloid,Eser,2,11.500001,32.331665,23.5009193,304.2041321,210.5,24.0,26.4446354,0.0283051,-7.0,0.5797005,23.3876514,26.4432201,5.7335219,-0.0852656,0.387931,24.0292492,-16.6450634,-0.0204253,0.887931,25.8142567,25.7986641,27.7335281,3.1000001,0.2695652,0.2896036,-0.0531683,-0.0976048,-0.0767891,2.6000001,3.1000001,2.0,0.0,0.0,0.0,0.0,0.0,0.0,0.0,0.0,0.0,0.0,0.0,0.0,45.5,149.5,210.5,188.5,147.5,117.5,89.5,67.0,56.5,47.0,25.5,5.5,0.0,0.0,0.0,0.0,0.0,0.0,0.0,0.0,0.0,0.0,0.0,0.0,0.0,0.0,0.0,0.0,0.0,0.0,0.0,0.0,0.0,0.0,0.0,0.0,0.0,0.0,0.0,0.0,0.0,0.0,0.0,0.0,0.0,0.0,0.0,0.0,0.0,0.0,0.0,0.0,0.0,0.0,0.0,0.0,0.0,0.0,0.0,0.0,0.0,0.0,0.0,0.0,0.0,0.0,0.0,0.0,0.0,0.0,0.0,0.0,0.0,0.0,0.0,0.0,0.0,0.0,0.0,0.0,0.0,0.0,0.0
/Volumes/MobileCallLib/RufanalyseReferenz2015/AssortedRecordings/140609-TROENDELDX-00062.raw,Nyctaloid,Eser,1,12.1000004,39.1500664,23.4048996,44.0225677,188.75,25.0,25.5002327,0.3369141,-4.1000004,0.8014488,23.8056908,36.8548927,7.463028,-0.4928174,0.0327869,24.1262455,-10.6936169,-0.0065796,0.9344262,26.6423874,26.6423874,31.277483,2.2,0.1818182,0.2056179,-0.0572736,-0.1068821,-0.1301253,4.4000001,3.1000001,2.0,0.0,0.0,0.0,0.0,0.0,0.0,0.0,0.0,0.0,0.0,0.0,0.0,26.25,102.5,176.5,188.75,155.0,116.0,87.25,68.25,55.75,46.5,39.0,33.0,28.75,25.5,22.25,18.75,13.5,5.75,0.75,0.0,0.0,0.0,0.0,0.0,0.0,0.0,0.0,0.0,0.0,0.0,0.0,0.0,0.0,0.0,0.0,0.0,0.0,0.0,0.0,0.0,0.0,0.0,0.0,0.0,0.0,0.0,0.0,0.0,0.0,0.0,0.0,0.0,0.0,0.0,0.0,0.0,0.0,0.0,0.0,0.0,0.0,0.0,0.0,0.0,0.0,0.0,0.0,0.0,0.0,0.0,0.0,0.0,0.0,0.0,0.0,0.0,0.0,0.0,0.0,0.0,0.0,0.0,0.0
/Volumes/MobileCallLib/RufanalyseReferenz2015/AssortedRecordings/140609-TROENDELDX-00051.raw,Nyctaloid,Eser,11,12.9001255,47.003994,26.1953144,1275.5181885,218.0,25.0,24.9352188,0.002079,-2.3000002,-1.5040779,25.2928619,38.1771278,11.1546135,-0.5979939,0.1,25.829134,-7.1685724,-0.0205591,0.7230769,27.2805119,27.2805119,35.6705017,1.9,0.1472854,0.1298584,-0.0881543,-0.1112385,-0.1613076,5.2000003,3.4000001,2.0,0.0,0.0,0.0,0.0,0.0,0.0,0.0,0.0,0.0,0.0,0.0,0.0,0.0,49.5,163.75,218.0,172.25,122.25,94.75,69.75,52.25,44.0,38.25,34.0,29.5,24.25,21.75,20.0,16.5,14.0,14.0,15.25,14.0,11.25,11.75,16.0,16.0,6.75,0.25,0.0,0.0,0.0,0.0,0.0,0.0,0.0,0.0,0.0,0.0,0.0,0.0,0.0,0.0,0.0,0.0,0.0,0.0,0.0,0.0,0.0,0.0,0.0,0.0,0.0,0.0,0.0,0.0,0.0,0.0,0.0,0.0,0.0,0.0,0.0,0.0,0.0,0.0,0.0,0.0,0.0,0.0,0.0,0.0,0.0,0.0,0.0,0.0,0.0,0.0,0.0,0.0,0.0,0.0,0.0,0.0
/Volumes/MobileCallLib/RufanalyseReferenz2015/AssortedRecordings/110808-UMEAXXOEN2-0068.raw,Nyctaloid,Enil,6,14.000001,32.6800461,26.7936897,575.7023315,270.25,28.0,28.5046844,0.1185989,-4.0,1.3497734,27.3753529,33.1122322,5.2041826,-0.1557188,0.0780142,27.8259926,-18.7432728,-0.0528288,0.9574468,29.6078434,29.5430088,30.5415974,5.0999999,0.3642857,0.3667805,-0.0648069,-0.0576353,-0.0420454,1.3000001,11.6999998,2.0,0.0,0.0,0.0,0.0,0.0,0.0,0.0,0.0,0.0,0.0,0.0,0.0,0.0,0.0,0.0,3.0,65.0,194.0,270.25,251.0,205.0,166.0,121.25,76.0,38.5,10.0,0.0,0.0,0.0,0.0,0.0,0.0,0.0,0.0,0.0,0.0,0.0,0.0,0.0,0.0,0.0,0.0,0.0,0.0,0.0,0.0,0.0,0.0,0.0,0.0,0.0,0.0,0.0,0.0,0.0,0.0,0.0,0.0,0.0,0.0,0.0,0.0,0.0,0.0,0.0,0.0,0.0,0.0,0.0,0.0,0.0,0.0,0.0,0.0,0.0,0.0,0.0,0.0,0.0,0.0,0.0,0.0,0.0,0.0,0.0,0.0,0.0,0.0,0.0,0.0,0.0,0.0,0.0,0.0,0.0
/Volumes/MobileCallLib/RufanalyseReferenz2015/AssortedRecordings/110808-UMEAXXOEN2-0068.raw,Nyctaloid,Enil,3,14.900032,32.0669556,27.2948265,400.5133667,313.75,28.0,28.8994293,0.4183769,-6.8999996,-0.886116,27.7532349,29.008194,6.920114,-0.0421171,0.5,29.2646618,-10.1256657,-0.0430927,0.5533333,29.3180466,29.0617962,30.1633797,5.0999999,0.3422811,0.3079897,0.0184395,-0.0453568,-0.0320277,1.0,7.9000001,2.0,0.0,0.0,0.0,0.0,0.0,0.0,0.0,0.0,0.0,0.0,0.0,0.0,0.0,0.0,0.0,0.0,81.25,247.5,313.75,279.0,236.25,174.5,108.75,44.0,5.0,0.0,0.0,0.0,0.0,0.0,0.0,0.0,0.0,0.0,0.0,0.0,0.0,0.0,0.0,0.0,0.0,0.0,0.0,0.0,0.0,0.0,0.0,0.0,0.0,0.0,0.0,0.0,0.0,0.0,0.0,0.0,0.0,0.0,0.0,0.0,0.0,0.0,0.0,0.0,0.0,0.0,0.0,0.0,0.0,0.0,0.0,0.0,0.0,0.0,0.0,0.0,0.0,0.0,0.0,0.0,0.0,0.0,0.0,0.0,0.0,0.0,0.0,0.0,0.0,0.0,0.0,0.0,0.0,0.0,0.0
/Volumes/MobileCallLib/RufanalyseReferenz2015/AssortedRecordings/110808-UMEAXXOEN2-0068.raw,Nyctaloid,Enil,1,16.7000046,32.6931648,28.9508286,48.4855232,408.25,29.0,28.5033188,0.658741,-4.8999996,1.757164,30.5011463,29.1648006,5.2522197,-0.0169942,0.5,31.1399708,-24.362009,0.0955257,0.9166667,29.7824841,29.2370853,31.0755558,4.0,0.2395209,0.1933209,0.0112271,-0.0496292,-0.0224092,2.0,7.0,2.0,0.0,0.0,0.0,0.0,0.0,0.0,0.0,0.0,0.0,0.0,0.0,0.0,0.0,0.0,0.0,0.0,0.0,129.5,357.5,408.25,312.25,208.25,127.25,82.5,38.0,6.5,0.0,0.0,0.0,0.0,0.0,0.0,0.0,0.0,0.0,0.0,0.0,0.0,0.0,0.0,0.0,0.0,0.0,0.0,0.0,0.0,0.0,0.0,0.0,0.0,0.0,0.0,0.0,0.0,0.0,0.0,0.0,0.0,0.0,0.0,0.0,0.0,0.0,0.0,0.0,0.0,0.0,0.0,0.0,0.0,0.0,0.0,0.0,0.0,0.0,0.0,0.0,0.0,0.0,0.0,0.0,0.0,0.0,0.0,0.0,0.0,0.0,0.0,0.0,0.0,0.0,0.0,0.0,0.0,0.0
