[
  {
    "metadataOutputVersion" : "3.0",
    "shortDescription" : "Classify bat calls using batIdent 2 csv files",
    "outputSchema" : [
      {
        "isOptional" : "0",
        "formattedType" : "String",
        "type" : "String",
        "name" : "Gruppe",
        "shortDescription" : ""
      },
      {
        "isOptional" : "0",
        "keyType" : "String",
        "formattedType" : "Dictionary (String → Double)",
        "type" : "Dictionary",
        "name" : "GruppeProbability",
        "shortDescription" : ""
      }
    ],
    "modelParameters" : [

    ],
    "author" : "Volker Runkel",
    "specificationVersion" : 1,
    "license" : "MIT 4.0",
    "isUpdatable" : "0",
    "availability" : {
      "macOS" : "10.13",
      "tvOS" : "11.0",
      "watchOS" : "4.0",
      "iOS" : "11.0",
      "macCatalyst" : "11.0"
    },
    "modelType" : {
      "name" : "MLModelType_pipelineClassifier",
      "structure" : [
        {
          "name" : "MLModelType_featureVectorizer"
        },
        {
          "name" : "MLModelType_treeEnsembleClassifier"
        }
      ]
    },
    "inputSchema" : [
      {
        "isOptional" : "0",
        "formattedType" : "Double",
        "type" : "Double",
        "name" : "Dur",
        "shortDescription" : ""
      },
      {
        "isOptional" : "0",
        "formattedType" : "Double",
        "type" : "Double",
        "name" : "Sfreq",
        "shortDescription" : ""
      },
      {
        "isOptional" : "0",
        "formattedType" : "Double",
        "type" : "Double",
        "name" : "Efreq",
        "shortDescription" : ""
      },
      {
        "isOptional" : "0",
        "formattedType" : "Double",
        "type" : "Double",
        "name" : "Stime",
        "shortDescription" : ""
      },
      {
        "isOptional" : "0",
        "formattedType" : "Double",
        "type" : "Double",
        "name" : "NMod",
        "shortDescription" : ""
      },
      {
        "isOptional" : "0",
        "formattedType" : "Double",
        "type" : "Double",
        "name" : "FMod",
        "shortDescription" : ""
      },
      {
        "isOptional" : "0",
        "formattedType" : "Double",
        "type" : "Double",
        "name" : "FRmin",
        "shortDescription" : ""
      },
      {
        "isOptional" : "0",
        "formattedType" : "Double",
        "type" : "Double",
        "name" : "Rmin",
        "shortDescription" : ""
      },
      {
        "isOptional" : "0",
        "formattedType" : "Double",
        "type" : "Double",
        "name" : "tRmin",
        "shortDescription" : ""
      },
      {
        "isOptional" : "0",
        "formattedType" : "Double",
        "type" : "Double",
        "name" : "Rlastms",
        "shortDescription" : ""
      },
      {
        "isOptional" : "0",
        "formattedType" : "Double",
        "type" : "Double",
        "name" : "Flastms",
        "shortDescription" : ""
      },
      {
        "isOptional" : "0",
        "formattedType" : "Double",
        "type" : "Double",
        "name" : "Fknee",
        "shortDescription" : ""
      },
      {
        "isOptional" : "0",
        "formattedType" : "Double",
        "type" : "Double",
        "name" : "Alphaknee",
        "shortDescription" : ""
      },
      {
        "isOptional" : "0",
        "formattedType" : "Double",
        "type" : "Double",
        "name" : "Rknee",
        "shortDescription" : ""
      },
      {
        "isOptional" : "0",
        "formattedType" : "Double",
        "type" : "Double",
        "name" : "ptknee",
        "shortDescription" : ""
      },
      {
        "isOptional" : "0",
        "formattedType" : "Double",
        "type" : "Double",
        "name" : "Fmk",
        "shortDescription" : ""
      },
      {
        "isOptional" : "0",
        "formattedType" : "Double",
        "type" : "Double",
        "name" : "Alphamk",
        "shortDescription" : ""
      },
      {
        "isOptional" : "0",
        "formattedType" : "Double",
        "type" : "Double",
        "name" : "Rmk",
        "shortDescription" : ""
      },
      {
        "isOptional" : "0",
        "formattedType" : "Double",
        "type" : "Double",
        "name" : "ptmk",
        "shortDescription" : ""
      },
      {
        "isOptional" : "0",
        "formattedType" : "Double",
        "type" : "Double",
        "name" : "Fmed",
        "shortDescription" : ""
      },
      {
        "isOptional" : "0",
        "formattedType" : "Double",
        "type" : "Double",
        "name" : "Fmidt",
        "shortDescription" : ""
      },
      {
        "isOptional" : "0",
        "formattedType" : "Double",
        "type" : "Double",
        "name" : "Fmidf",
        "shortDescription" : ""
      },
      {
        "isOptional" : "0",
        "formattedType" : "Double",
        "type" : "Double",
        "name" : "tmidf",
        "shortDescription" : ""
      },
      {
        "isOptional" : "0",
        "formattedType" : "Double",
        "type" : "Double",
        "name" : "ptmidf",
        "shortDescription" : ""
      },
      {
        "isOptional" : "0",
        "formattedType" : "Double",
        "type" : "Double",
        "name" : "PFmidt",
        "shortDescription" : ""
      },
      {
        "isOptional" : "0",
        "formattedType" : "Double",
        "type" : "Double",
        "name" : "Rmidt",
        "shortDescription" : ""
      },
      {
        "isOptional" : "0",
        "formattedType" : "Double",
        "type" : "Double",
        "name" : "Rmed",
        "shortDescription" : ""
      },
      {
        "isOptional" : "0",
        "formattedType" : "Double",
        "type" : "Double",
        "name" : "Rges",
        "shortDescription" : ""
      },
      {
        "isOptional" : "0",
        "formattedType" : "Double",
        "type" : "Double",
        "name" : "Dfm",
        "shortDescription" : ""
      },
      {
        "isOptional" : "0",
        "formattedType" : "Double",
        "type" : "Double",
        "name" : "Dqcf",
        "shortDescription" : ""
      }
    ],
    "classLabels" : [
      "Myotis",
      "Nyctaloid",
      "Pipistrelloid",
      "Plecotiod",
      "Rhinolophus",
      "Störung"
    ],
    "generatedClassName" : "BatCallTabularClassifier_bT",
    "userDefinedMetadata" : {
      "com.apple.createml.app.tag" : "99.4",
      "com.apple.createml.version" : "13.4.0",
      "com.apple.coreml.model.preview.type" : "tabularClassifier",
      "com.apple.createml.app.version" : "4.0"
    },
    "method" : "predict"
  }
]